,Rank,School_Name,School_Type,Early_Career_Pay,Mid-Career_Pay,% High_Meaning,%_STEM_Degrees,Private,Rank2015,Rank2014,cost_2015,cost_2014,percent_change,2yrcost,totalcost
415,416 (tie),Adelphi University,"Private School, Research University",51500,90600,0.5,0.06,True,353.0,360.0,47110.0,45200.0,4.23%,92310.0,184620.0
885,887 (tie),Agnes Scott College,"Liberal Arts School, Private School, Religious, Sober School",42900,78300,0.55,0.21,True,342.0,339.0,47323.0,45691.0,3.57%,93014.0,186028.0
661,662 (tie),Alaska Pacific University,"Private School, Religious",48800,83600,,0.07,True,497.0,429.0,43180.0,43180.0,0.00%,86360.0,172720.0
929,931 (tie),Albertus Magnus College,"Business, Private School, Religious",48500,77500,0.6,0.01,True,344.0,305.0,47302.0,46528.0,1.66%,93830.0,187660.0
188,189 (tie),Albion College,"Liberal Arts School, Private School, Religious",48500,101700,0.48,0.24,True,317.0,334.0,48195.0,45884.0,5.04%,94079.0,188158.0
848,850 (tie),Albright College,"Liberal Arts School, Private School, Religious",46900,79100,0.42,0.13,True,282.0,281.0,49160.0,47390.0,3.73%,96550.0,193100.0
298,299 (tie),Allegheny College,"Liberal Arts School, Private School, Religious",46700,95600,0.44,0.38,True,210.0,213.0,52020.0,50150.0,3.73%,102170.0,204340.0
721,723 (tie),Alma College,"Liberal Arts School, Private School, Religious",45700,82100,0.58,0.17,True,451.0,466.0,44287.0,42312.0,4.67%,86599.0,173198.0
1187,1189 (tie),Alvernia University,"Private School, Religious",44300,70700,0.54,0.03,True,493.0,487.0,43250.0,42030.0,2.90%,85280.0,170560.0
821,823 (tie),American International College,"Private School, Research University",49100,79700,0.51,0.01,True,423.0,419.0,44900.0,43468.0,3.29%,88368.0,176736.0
145,146 (tie),American University,"Private School, Religious, Research University, For Sports Fans",51800,106900,0.43,0.03,True,136.0,130.0,56808.0,55353.0,2.63%,112161.0,224322.0
50,51,Amherst College,"Liberal Arts School, Private School",60200,122800,0.47,0.27,True,33.0,45.0,61544.0,59060.0,4.21%,120604.0,241208.0
983,985 (tie),Anna Maria College,"Private School, Religious",42200,76100,0.55,0.0,True,321.0,390.0,48146.0,44392.0,8.46%,92538.0,185076.0
861,863 (tie),Arcadia University,"Private School, Religious",42600,78800,0.5,0.12,True,214.0,212.0,51970.0,50270.0,3.38%,102240.0,204480.0
302,303 (tie),Assumption College,"Private School, Religious",50700,95500,0.51,0.12,True,303.0,285.0,48521.0,47195.0,2.81%,95716.0,191432.0
637,638 (tie),Augsburg College,"Private School, Religious",47400,84100,0.51,0.08,True,410.0,402.0,45465.0,43997.0,3.34%,89462.0,178924.0
565,566 (tie),Augustana College,"Liberal Arts School, Private School, Religious",45000,85700,0.46,0.29,True,352.0,343.0,47137.0,45598.0,3.38%,92735.0,185470.0
350,351 (tie),Austin College,"Liberal Arts School, Private School, Religious",48200,93500,0.49,0.22,True,336.0,325.0,47625.0,46097.0,3.31%,93722.0,187444.0
698,699 (tie),Azusa Pacific University,"Private School, Religious, Research University",47200,82800,0.6,0.03,True,391.0,383.0,45996.0,44561.0,3.22%,90557.0,181114.0
7,8,Babson College,"Business, Private School",66600,141700,0.34,0.0,True,60.0,61.0,60504.0,58450.0,3.51%,118954.0,237908.0
464,464 (tie),Bard College,"Liberal Arts School, Private School",48500,89000,0.49,0.0,True,14.0,17.0,62572.0,60280.0,3.80%,122852.0,245704.0
168,169,Barnard College,"Liberal Arts School, Private School",53500,103700,0.57,0.19,True,34.0,23.0,61512.0,59824.0,2.82%,121336.0,242672.0
893,895 (tie),Barry University,"Private School, Religious, Research University",46000,78100,0.64,0.12,True,419.0,482.0,45100.0,42100.0,7.13%,87200.0,174400.0
40,41,Bates College,"Liberal Arts School, Private School",55800,125000,0.54,0.26,True,50.0,37.0,61000.0,59285.0,2.89%,120285.0,240570.0
232,233 (tie),Baylor University,"Private School, Religious, Research University, Sober School, For Sports Fans",51600,98700,0.49,0.17,True,178.0,236.0,53886.0,49038.0,9.89%,102924.0,205848.0
1007,1009 (tie),Becker College,Private School,44900,75500,0.59,0.01,True,350.0,336.0,47160.0,45720.0,3.15%,92880.0,185760.0
432,433 (tie),Bellarmine University,"Private School, Religious",46900,90200,0.53,0.07,True,203.0,210.0,52574.0,50420.0,4.27%,102994.0,205988.0
636,637,Beloit College,"Liberal Arts School, Private School",45300,84200,0.61,0.2,True,249.0,263.0,50406.0,48236.0,4.50%,98642.0,197284.0
435,436 (tie),Bennington College,"Liberal Arts School, Private School",45800,90100,0.37,0.05,True,23.0,15.0,61920.0,60540.0,2.28%,122460.0,244920.0
85,86,Bentley University,"Business, Private School",62000,114300,0.36,0.07,True,132.0,138.0,56930.0,54888.0,3.72%,111818.0,223636.0
894,895 (tie),Berklee College of Music,"Art, Private School",44700,78100,0.51,0.0,True,105.0,91.0,58522.0,57131.0,2.43%,115653.0,231306.0
638,638 (tie),Berry College,Private School,42000,84100,0.48,0.22,True,464.0,493.0,43834.0,41749.0,4.99%,85583.0,171166.0
465,464 (tie),Biola University,"Private School, Religious, Research University",47000,89000,0.57,0.07,True,367.0,362.0,46624.0,45153.0,3.26%,91777.0,183554.0
693,694 (tie),Birmingham Southern College,"Liberal Arts School, Private School, Religious",45600,82900,0.53,0.25,True,408.0,378.0,45470.0,44634.0,1.87%,90104.0,180208.0
79,80,Boston College,"Private School, Religious, Research University, For Sports Fans",59200,115300,0.42,0.11,True,57.0,57.0,60706.0,58686.0,3.44%,119392.0,238784.0
91,92,Boston University,"Private School, Research University, For Sports Fans",56100,113500,0.42,0.23,True,36.0,43.0,61446.0,59100.0,3.97%,120546.0,241092.0
78,79,Bowdoin College,"Liberal Arts School, Private School",55500,115500,0.54,0.35,True,74.0,65.0,59900.0,58200.0,2.92%,118100.0,236200.0
86,87 (tie),Brandeis University,"Private School, Research University",55300,114200,0.48,0.26,True,47.0,46.0,61070.0,59050.0,3.42%,120120.0,240240.0
922,923 (tie),Bridgewater College,"Liberal Arts School, Private School, Religious",41800,77700,0.52,0.18,True,490.0,495.0,43310.0,41730.0,3.79%,85040.0,170080.0
25,26,Brown University,"Ivy League, Private School, Research University, For Sports Fans",63000,132000,0.46,0.39,True,61.0,67.0,60460.0,58140.0,3.99%,118600.0,237200.0
154,155,Bryant University,"Business, Private School, For Sports Fans",56300,105200,0.34,0.08,True,184.0,184.0,53598.0,51931.0,3.21%,105529.0,211058.0
440,441 (tie),Bryn Mawr College,"Liberal Arts School, Private School",50200,89900,0.53,0.19,True,76.0,83.0,59760.0,57586.0,3.78%,117346.0,234692.0
42,43 (tie),Bucknell University,"Liberal Arts School, Party School, Private School, For Sports Fans",62300,124700,0.39,0.37,True,48.0,44.0,61060.0,59090.0,3.33%,120150.0,240300.0
279,280 (tie),Butler University,"Private School, For Sports Fans",48900,96700,0.51,0.09,True,269.0,278.0,49698.0,47468.0,4.70%,97166.0,194332.0
245,246 (tie),California College of the Arts,"Art, Private School",52500,98300,0.46,0.0,True,143.0,148.0,56134.0,54298.0,3.38%,110432.0,220864.0
6,7,California Institute of Technology,"Engineering, Private School, Research University",78800,142500,0.52,0.97,True,96.0,109.0,58755.0,56382.0,4.21%,115137.0,230274.0
772,774 (tie),California Institute of the Arts,"Art, Private School",48200,80700,0.62,0.0,True,110.0,98.0,58296.0,56822.0,2.59%,115118.0,230236.0
304,305 (tie),California Lutheran University,"Private School, Religious",48000,95300,0.54,0.13,True,202.0,204.0,52577.0,50753.0,3.59%,103330.0,206660.0
495,496 (tie),Canisius College,"Private School, Religious, For Sports Fans",43800,88000,0.47,0.11,True,322.0,340.0,48102.0,45680.0,5.30%,93782.0,187564.0
924,926 (tie),Capital University,"Private School, Religious",45500,77600,0.59,0.06,True,447.0,425.0,44350.0,43364.0,2.27%,87714.0,175428.0
90,91,Carleton College,"Liberal Arts School, Private School",53800,113800,0.46,0.4,True,62.0,62.0,60425.0,58275.0,3.69%,118700.0,237400.0
37,38,Carnegie Mellon University,"Engineering, Private School, Research University",70900,126400,0.46,0.64,True,20.0,26.0,62032.0,59710.0,3.89%,121742.0,243484.0
694,694 (tie),Carthage College,"Liberal Arts School, Private School, Religious",46200,82900,0.43,0.16,True,326.0,338.0,48050.0,45700.0,5.14%,93750.0,187500.0
106,107,Case Western Reserve University,"Private School, Research University",62400,111100,0.45,0.37,True,117.0,113.0,57798.0,56026.0,3.16%,113824.0,227648.0
170,171,Catholic University of America,"Private School, Religious, Research University",52800,103400,0.56,0.14,True,134.0,133.0,56842.0,55084.0,3.19%,111926.0,223852.0
1457,1459 (tie),Cazenovia College,Private School,37500,60200,0.5,0.02,True,491.0,510.0,43290.0,41420.0,4.51%,84710.0,169420.0
1205,1206 (tie),Cedar Crest College,Private School,45200,70300,0.56,0.05,True,421.0,422.0,45021.0,43436.0,3.65%,88457.0,176914.0
572,573 (tie),Centenary College of Louisiana,"Liberal Arts School, Private School, Religious",44900,85500,0.45,0.25,True,435.0,439.0,44600.0,43000.0,3.72%,87600.0,175200.0
679,679 (tie),Central College,"Liberal Arts School, Private School, Religious",46200,83100,0.63,0.33,True,418.0,418.0,45151.0,43491.0,3.82%,88642.0,177284.0
573,573 (tie),Centre College,"Liberal Arts School, Private School, Religious",46700,85500,0.57,0.27,True,327.0,313.0,48020.0,46400.0,3.49%,94420.0,188840.0
723,723 (tie),Champlain College,Private School,48800,82100,0.38,0.17,True,357.0,368.0,46850.0,44961.0,4.20%,91811.0,183622.0
330,331 (tie),Chapman University,"Private School, Religious",49200,94400,0.46,0.05,True,87.0,80.0,59459.0,57688.0,3.07%,117147.0,234294.0
1143,1145 (tie),Chatham University,Private School,40300,71800,0.53,0.08,True,386.0,366.0,46162.0,45058.0,2.45%,91220.0,182440.0
1409,1411 (tie),Chestnut Hill College,"Private School, Religious",39400,63600,0.59,0.05,True,442.0,399.0,44378.0,44162.0,0.49%,88540.0,177080.0
131,130 (tie),Citadel Military College of South Carolina,"For Sports Fans, State School",56100,108200,0.65,0.18,False,453.0,433.0,44243.0,43080.0,2.70%,87323.0,174646.0
27,28,Claremont McKenna College,"Liberal Arts School, Private School",63500,130800,0.47,0.14,True,21.0,18.0,62010.0,60065.0,3.24%,122075.0,244150.0
268,269 (tie),Clark University,"Private School, Research University",47600,97100,0.42,0.14,True,292.0,275.0,48770.0,47520.0,2.63%,96290.0,192580.0
36,37,Clarkson University,"Engineering, Private School, Research University",64200,126700,0.59,0.52,True,120.0,135.0,57514.0,55030.0,4.51%,112544.0,225088.0
198,199 (tie),Clemson University,"Research University, For Sports Fans, State School",54300,101100,0.51,0.37,False,396.0,364.0,45936.0,45108.0,1.84%,91044.0,182088.0
666,666 (tie),Cleveland Institute of Art,"Art, Private School",44000,83400,0.34,0.0,True,173.0,177.0,54161.0,52403.0,3.35%,106564.0,213128.0
725,727 (tie),Coe College,"Liberal Arts School, Private School, Religious",46000,82000,0.41,0.19,True,346.0,346.0,47260.0,45520.0,3.82%,92780.0,185560.0
160,161,Colby College,"Liberal Arts School, Private School",55200,104200,0.42,0.28,True,91.0,86.0,59110.0,57300.0,3.16%,116410.0,232820.0
916,917 (tie),Colby-Sawyer College,Private School,44100,77800,0.47,0.09,True,196.0,201.0,52800.0,50870.0,3.79%,103670.0,207340.0
15,16,Colgate University,"Liberal Arts School, Party School, Private School, For Sports Fans",61400,137700,0.37,0.27,True,71.0,77.0,60050.0,57745.0,3.99%,117795.0,235590.0
612,612 (tie),College for Creative Studies,"Art, Private School",48200,84700,0.42,0.0,True,258.0,246.0,50110.0,48780.0,2.73%,98890.0,197780.0
792,794 (tie),College of Charleston,"For Sports Fans, State School",44100,80200,0.45,0.2,False,500.0,532.0,43120.0,40852.0,5.55%,83972.0,167944.0
793,794 (tie),College of Mount Saint Vincent,"Private School, Religious",48000,80200,0.59,0.08,True,427.0,436.0,44835.0,43020.0,4.22%,87855.0,175710.0
962,964 (tie),College of Our Lady of the Elms,"Private School, Religious",46700,76600,0.71,0.03,True,434.0,434.0,44612.0,43072.0,3.58%,87684.0,175368.0
543,544 (tie),College of Saint Benedict,"Liberal Arts School, Private School, Religious",46300,86300,0.5,0.19,True,262.0,270.0,49970.0,47789.0,4.56%,97759.0,195518.0
776,777 (tie),College of Saint Elizabeth,"Private School, Religious",46900,80600,0.55,0.04,True,351.0,345.0,47147.0,45539.0,3.53%,92686.0,185372.0
101,102,College of William and Mary,"Research University, For Sports Fans, State School",54400,111900,0.44,0.2,False,228.0,223.0,51306.0,49712.0,3.21%,101018.0,202036.0
53,54 (tie),College of the Holy Cross,"Liberal Arts School, Private School, Religious, For Sports Fans",56000,119700,0.45,0.22,True,116.0,99.0,57832.0,56730.0,1.94%,114562.0,229124.0
272,272 (tie),Colorado College,"Liberal Arts School, Private School",49700,97000,0.53,0.28,True,124.0,145.0,57400.0,54350.0,5.61%,111750.0,223500.0
17,18,Colorado School of Mines,"Engineering, Research University, State School",71900,136100,0.6,0.94,False,371.0,384.0,46533.0,44531.0,4.50%,91064.0,182128.0
43,43 (tie),Columbia University in the City of New York,"Ivy League, Private School, Research University, For Sports Fans",66000,124700,0.46,0.3,True,5.0,6.0,64144.0,45396.0,41.30%,109540.0,219080.0
506,506 (tie),Concordia University-Irvine,"Private School, Religious",46700,87500,0.54,0.02,True,480.0,485.0,43550.0,42070.0,3.52%,85620.0,171240.0
223,223 (tie),Connecticut College,"Liberal Arts School, Private School",53200,99200,0.36,0.27,True,54.0,55.0,60780.0,58690.0,3.56%,119470.0,238940.0
47,48,Cooper Union for the Advancement of Science and Art,"Engineering, Private School, Sober School",63900,124200,0.49,0.54,True,69.0,154.0,60075.0,53895.0,11.47%,113970.0,227940.0
485,486 (tie),Cornell College,"Liberal Arts School, Private School, Religious",45200,88500,0.47,0.27,True,288.0,322.0,48905.0,46135.0,6.00%,95040.0,190080.0
48,49,Cornell University,"Ivy League, Private School, Research University, For Sports Fans",65600,123900,0.45,0.43,True,32.0,30.0,61618.0,59591.0,3.40%,121209.0,242418.0
1028,1030 (tie),Cornish College of the Arts,"Art, Private School",46300,75000,0.35,0.0,True,310.0,310.0,48370.0,46430.0,4.18%,94800.0,189600.0
423,423 (tie),Creighton University,"Private School, Religious, For Sports Fans",50000,90400,0.57,0.09,True,324.0,293.0,48058.0,46776.0,2.74%,94834.0,189668.0
659,659 (tie),Curry College,Private School,47000,83700,0.56,0.02,True,238.0,234.0,50845.0,49125.0,3.50%,99970.0,199940.0
10,11,Dartmouth College,"Ivy League, Private School, Research University, For Sports Fans",66300,140300,0.46,0.32,True,11.0,8.0,63279.0,61398.0,3.06%,124677.0,249354.0
103,104 (tie),Davidson College,"Liberal Arts School, Private School, Religious, For Sports Fans",53100,111400,0.54,0.24,True,122.0,137.0,57458.0,54930.0,4.60%,112388.0,224776.0
209,210,DePaul University,"Private School, Religious, Research University, For Sports Fans",51500,100200,0.44,0.16,True,278.0,273.0,49367.0,47540.0,3.84%,96907.0,193814.0
119,120,DePauw University,"Liberal Arts School, Private School",52300,109400,0.5,0.23,True,194.0,196.0,53290.0,51050.0,4.39%,104340.0,208680.0
750,752 (tie),DeSales University,"Private School, Religious",47400,81400,0.57,0.08,True,308.0,287.0,48398.0,47136.0,2.68%,95534.0,191068.0
1190,1191 (tie),Dean College,Private School,41200,70600,,0.01,True,260.0,267.0,49990.0,48090.0,3.95%,98080.0,196160.0
155,156,Denison University,"Liberal Arts School, Private School",51000,105100,0.41,0.22,True,138.0,143.0,56520.0,54490.0,3.73%,111010.0,222020.0
189,189 (tie),Dickinson College,"Liberal Arts School, Private School",52400,101700,0.49,0.22,True,64.0,64.0,60183.0,58229.0,3.36%,118412.0,236824.0
444,445 (tie),Dominican University of California,Private School,51900,89600,0.6,0.13,True,95.0,88.0,58860.0,57266.0,2.78%,116126.0,232252.0
252,253 (tie),Drake University,"Private School, For Sports Fans",49200,97800,0.48,0.09,True,448.0,453.0,44349.0,42696.0,3.87%,87045.0,174090.0
395,396 (tie),Drew University,"Liberal Arts School, Private School, Religious",49100,91400,0.41,0.14,True,90.0,70.0,59362.0,58026.0,2.30%,117388.0,234776.0
129,130 (tie),Drexel University,"Private School, Research University, For Sports Fans",58400,108200,0.47,0.28,True,115.0,116.0,57870.0,55910.0,3.51%,113780.0,227560.0
21,22,Duke University,"Private School, Religious, Research University, For Sports Fans",65300,134400,0.53,0.26,True,30.0,31.0,61748.0,59528.0,3.73%,121276.0,242552.0
470,470 (tie),Duquesne University,"Private School, Religious, Research University, For Sports Fans",49600,88800,0.5,0.11,True,437.0,448.0,44567.0,42782.0,4.17%,87349.0,174698.0
644,645 (tie),Earlham College,"Liberal Arts School, Private School, Religious",46000,84000,0.62,0.22,True,198.0,198.0,52710.0,50930.0,3.49%,103640.0,207280.0
695,694 (tie),Eckerd College,"Liberal Arts School, Private School, Religious",45300,82900,0.52,0.25,True,217.0,214.0,51796.0,50062.0,3.46%,101858.0,203716.0
453,454 (tie),Elizabethtown College,"Liberal Arts School, Private School, Religious",46600,89400,0.42,0.26,True,272.0,277.0,49650.0,47500.0,4.53%,97150.0,194300.0
639,638 (tie),Elmhurst College,"Private School, Religious",46900,84100,0.47,0.11,True,389.0,401.0,46000.0,44000.0,4.55%,90000.0,180000.0
927,926 (tie),Elmira College,"Liberal Arts School, Private School",44900,77600,0.6,0.08,True,242.0,202.0,50800.0,50800.0,0.00%,101600.0,203200.0
436,436 (tie),Elon University,"Private School, For Sports Fans",49400,90100,0.44,0.07,True,481.0,490.0,43546.0,41960.0,3.78%,85506.0,171012.0
199,199 (tie),Embry-Riddle Aeronautical University-Daytona Beach,Private School,58900,101100,0.55,0.39,True,368.0,341.0,46614.0,45648.0,2.12%,92262.0,184524.0
95,96 (tie),Embry-Riddle Aeronautical University-Prescott,Private School,60500,113200,0.54,0.39,True,378.0,354.0,46314.0,45348.0,2.13%,91662.0,183324.0
358,359 (tie),Emerson College,Private School,46800,93100,0.41,0.0,True,186.0,194.0,53554.0,51186.0,4.63%,104740.0,209480.0
549,549 (tie),Emmanuel College,"Liberal Arts School, Private School, Religious",46700,86200,0.54,0.15,True,227.0,215.0,51363.0,50018.0,2.69%,101381.0,202762.0
114,115,Emory University,"Private School, Religious, Research University",56700,109800,0.44,0.21,True,73.0,66.0,59908.0,58180.0,2.97%,118088.0,236176.0
1057,1057 (tie),Endicott College,Private School,47600,74200,0.4,0.03,True,406.0,385.0,45536.0,44500.0,2.33%,90036.0,180072.0
1129,1130 (tie),Erskine College,"Liberal Arts School, Private School, Religious",43300,72100,0.56,0.19,True,337.0,359.0,47610.0,45215.0,5.30%,92825.0,185650.0
67,68,Fairfield University,"Private School, Religious, For Sports Fans",57100,117500,0.43,0.21,True,99.0,89.0,58730.0,57240.0,2.60%,115970.0,231940.0
416,416 (tie),Fairleigh Dickinson University-Metropolitan Campus,Private School,47400,90600,0.44,0.23,True,209.0,211.0,52036.0,50284.0,3.48%,102320.0,204640.0
1050,1051 (tie),Fisher College,Private School,42800,74300,0.41,0.03,True,358.0,347.0,46840.0,45499.0,2.95%,92339.0,184678.0
237,238 (tie),Florida Institute of Technology,"Engineering, Private School, Research University",55300,98600,0.54,0.51,True,199.0,176.0,52690.0,52490.0,0.38%,105180.0,210360.0
105,106,Fordham University,"Private School, Religious, Research University, For Sports Fans",54400,111300,0.38,0.09,True,9.0,10.0,63438.0,61073.0,3.87%,124511.0,249022.0
778,777 (tie),Franklin Pierce University,Private School,46000,80600,0.52,0.04,True,397.0,388.0,45898.0,44410.0,3.35%,90308.0,180616.0
97,98 (tie),Franklin and Marshall College,"Liberal Arts School, Private School",53700,112400,0.43,0.21,True,55.0,58.0,60765.0,58580.0,3.73%,119345.0,238690.0
161,162 (tie),Furman University,"Liberal Arts School, Private School, For Sports Fans",48100,104000,0.51,0.16,True,126.0,120.0,57276.0,55750.0,2.74%,113026.0,226052.0
755,755 (tie),George Fox University,"Private School, Religious",49300,81300,0.55,0.08,True,467.0,455.0,43800.0,42660.0,2.67%,86460.0,172920.0
159,160,George Mason University,"Research University, For Sports Fans, State School",55100,104300,0.49,0.22,False,460.0,449.0,44019.0,42776.0,2.91%,86795.0,173590.0
76,77,George Washington University,"Private School, Research University, For Sports Fans",56200,115900,0.45,0.14,True,37.0,48.0,61446.0,58985.0,4.17%,120431.0,240862.0
863,863 (tie),Georgetown College,"Liberal Arts School, Private School, Religious",43000,78800,0.53,0.1,True,458.0,470.0,44110.0,42260.0,4.38%,86370.0,172740.0
30,31 (tie),Georgetown University,"Private School, Religious, Research University, For Sports Fans",61400,129500,0.4,0.12,True,18.0,19.0,62179.0,59900.0,3.80%,122079.0,244158.0
1066,1067 (tie),Georgian Court University,"Private School, Religious",42700,74000,0.51,0.07,True,492.0,477.0,43276.0,42150.0,2.67%,85426.0,170852.0
104,104 (tie),Gettysburg College,"Liberal Arts School, Private School",52600,111400,0.4,0.23,True,109.0,118.0,58320.0,55770.0,4.57%,114090.0,228180.0
152,153,Gonzaga University,"Private School, Religious, For Sports Fans",53800,105800,0.48,0.17,True,302.0,298.0,48530.0,46615.0,4.11%,95145.0,190290.0
511,511 (tie),Gordon College,"Liberal Arts School, Private School, Religious, Sober School",44700,87400,0.57,0.15,True,425.0,431.0,44860.0,43140.0,3.99%,88000.0,176000.0
351,351 (tie),Goucher College,"Liberal Arts School, Private School",47100,93500,0.53,0.07,True,195.0,195.0,52908.0,51160.0,3.42%,104068.0,208136.0
1216,1218 (tie),Green Mountain College,"Private School, Religious",39600,69800,0.53,0.02,True,392.0,386.0,45988.0,44446.0,3.47%,90434.0,180868.0
290,291,Grinnell College,"Liberal Arts School, Private School",48800,96200,0.47,0.36,True,140.0,164.0,56354.0,53318.0,5.69%,109672.0,219344.0
1217,1218 (tie),Guilford College,"Liberal Arts School, Private School, Religious",40800,69800,0.52,0.15,True,413.0,395.0,45395.0,44255.0,2.58%,89650.0,179300.0
341,342 (tie),Gustavus Adolphus College,"Liberal Arts School, Private School, Religious",48200,94000,0.47,0.23,True,257.0,260.0,50110.0,48440.0,3.45%,98550.0,197100.0
144,144 (tie),Hamilton College,"Liberal Arts School, Private School",58600,107000,0.47,0.28,True,82.0,85.0,59590.0,57420.0,3.78%,117010.0,234020.0
516,516 (tie),Hamline University,"Private School, Religious",45500,87300,0.52,0.05,True,375.0,377.0,46398.0,44652.0,3.91%,91050.0,182100.0
151,152,Hampden-Sydney College,"Liberal Arts School, Private School",54800,105900,0.48,0.23,True,223.0,232.0,51577.0,49136.0,4.97%,100713.0,201426.0
327,328 (tie),Hampshire College,"Liberal Arts School, Private School",45800,94500,0.51,0.15,True,66.0,74.0,60155.0,57820.0,4.04%,117975.0,235950.0
807,808 (tie),Hanover College,"Liberal Arts School, Private School, Religious",44800,80000,0.51,0.2,True,456.0,474.0,44150.0,42198.0,4.63%,86348.0,172696.0
331,331 (tie),Hartwick College,"Liberal Arts School, Private School",48900,94400,0.61,0.26,True,240.0,241.0,50815.0,48945.0,3.82%,99760.0,199520.0
8,9,Harvard University,"Ivy League, Private School, Research University, For Sports Fans",69200,140700,0.56,0.19,True,72.0,92.0,59950.0,57050.0,5.08%,117000.0,234000.0
0,1,Harvey Mudd College,"Engineering, Liberal Arts School, Private School",81000,155800,0.58,0.85,True,7.0,14.0,63860.0,60613.0,5.36%,124473.0,248946.0
55,56,Haverford College,"Liberal Arts School, Private School",54700,119500,0.38,0.38,True,24.0,28.0,61898.0,59654.0,3.76%,121552.0,243104.0
342,342 (tie),Hendrix College,"Liberal Arts School, Private School, Religious",45800,94000,0.53,0.28,True,205.0,207.0,52536.0,50568.0,3.89%,103104.0,206208.0
956,958 (tie),High Point University,"Private School, Religious, For Sports Fans",45100,76700,0.5,0.1,True,462.0,4747.0,43900.0,2300.0,1808.70%,46200.0,92400.0
818,819 (tie),Hiram College,"Liberal Arts School, Private School",43400,79800,0.49,0.19,True,498.0,450.0,43145.0,42745.0,0.94%,85890.0,171780.0
73,74,Hobart William Smith Colleges,"Liberal Arts School, Private School",52400,116400,0.5,0.15,True,75.0,79.0,59850.0,57699.0,3.73%,117549.0,235098.0
110,111 (tie),Hofstra University,"Private School, Research University, For Sports Fans",53000,110200,0.39,0.07,True,172.0,181.0,54289.0,52103.0,4.20%,106392.0,212784.0
908,908 (tie),Hollins University,"Liberal Arts School, Private School",40400,77900,0.42,0.07,True,319.0,307.0,48180.0,46495.0,3.62%,94675.0,189350.0
517,516 (tie),Holy Names University,"Private School, Religious",48100,87300,0.74,0.02,True,286.0,286.0,49041.0,47153.0,4.00%,96194.0,192388.0
972,973 (tie),Hood College,Private School,44400,76300,0.46,0.33,True,291.0,294.0,48830.0,46730.0,4.49%,95560.0,191120.0
84,85,Illinois Institute of Technology,"Engineering, Private School, Research University, Sober School",60600,114400,0.5,0.6,True,168.0,185.0,54677.0,51922.0,5.31%,106599.0,213198.0
379,380 (tie),Illinois Wesleyan University,"Liberal Arts School, Private School",49000,92200,0.42,0.22,True,252.0,257.0,50352.0,48522.0,3.77%,98874.0,197748.0
732,733 (tie),Immaculata University,"Private School, Religious, Research University",47600,81800,0.62,0.02,True,283.0,302.0,49130.0,46578.0,5.48%,95708.0,191416.0
339,340 (tie),Indiana University-Bloomington,"Research University, For Sports Fans, State School",50300,94100,0.48,0.15,False,394.0,382.0,45961.0,44566.0,3.13%,90527.0,181054.0
171,172 (tie),Iona College,"Business, Private School, Religious, For Sports Fans",52000,103300,0.39,0.05,True,279.0,272.0,49295.0,47678.0,3.39%,96973.0,193946.0
169,170,Ithaca College,Private School,48700,103500,0.42,0.08,True,154.0,160.0,55587.0,53567.0,3.77%,109154.0,218308.0
773,774 (tie),Jacksonville University,"Private School, For Sports Fans",50000,80700,0.65,0.05,True,432.0,442.0,44670.0,42824.0,4.31%,87494.0,174988.0
305,305 (tie),John Carroll University,"Private School, Religious",47900,95300,0.38,0.16,True,311.0,301.0,48310.0,46580.0,3.71%,94890.0,189780.0
99,100 (tie),Johns Hopkins University,"Private School, Research University",63200,112200,0.59,0.33,True,35.0,49.0,61502.0,58980.0,4.28%,120482.0,240964.0
576,577 (tie),Juniata College,"Liberal Arts School, Private School",47600,85400,0.57,0.33,True,281.0,280.0,49220.0,47430.0,3.77%,96650.0,193300.0
310,309 (tie),Kalamazoo College,"Liberal Arts School, Private School",47400,95200,0.53,0.39,True,241.0,254.0,50800.0,48547.0,4.64%,99347.0,198694.0
1083,1085 (tie),Kansas City Art Institute,"Art, Private School",41600,73500,0.33,0.0,True,251.0,271.0,50362.0,47708.0,5.56%,98070.0,196140.0
109,110,Kenyon College,"Liberal Arts School, Private School",51700,110400,0.47,0.17,True,70.0,72.0,60070.0,57910.0,3.73%,117980.0,235960.0
69,70 (tie),Kettering University,"Engineering, Private School",66000,117000,0.45,0.76,True,230.0,229.0,51277.0,49303.0,4.00%,100580.0,201160.0
499,500 (tie),King's College,"Private School, Religious",44100,87700,0.43,0.12,True,409.0,404.0,45468.0,43984.0,3.37%,89452.0,178904.0
458,457 (tie),Knox College,"Liberal Arts School, Private School",45600,89300,0.47,0.24,True,280.0,317.0,49252.0,46324.0,6.32%,95576.0,191152.0
446,445 (tie),LIU Brooklyn,"Private School, For Sports Fans",54900,89600,0.69,0.07,True,247.0,247.0,50514.0,48768.0,3.58%,99282.0,198564.0
412,413 (tie),LIU Post,Private School,48700,90700,0.47,0.05,True,236.0,252.0,50934.0,48624.0,4.75%,99558.0,199116.0
164,165 (tie),La Salle University,"Private School, Religious, For Sports Fans",51100,103900,0.4,0.05,True,218.0,220.0,51770.0,49910.0,3.73%,101680.0,203360.0
49,50,Lafayette College,"Liberal Arts School, Private School, Religious, For Sports Fans",61500,123800,0.42,0.41,True,77.0,81.0,59750.0,57688.0,3.57%,117438.0,234876.0
191,189 (tie),Lake Forest College,"Liberal Arts School, Private School",51000,101700,0.49,0.23,True,212.0,216.0,52000.0,50000.0,4.00%,102000.0,204000.0
864,863 (tie),Lasell College,Private School,43600,78800,0.34,0.0,True,390.0,371.0,46000.0,44800.0,2.68%,90800.0,181600.0
314,315 (tie),Lawrence University,"Liberal Arts School, Private School",47000,95100,0.64,0.21,True,215.0,206.0,51897.0,50570.0,2.62%,102467.0,204934.0
447,448 (tie),Le Moyne College,"Private School, Religious",47300,89500,0.52,0.17,True,424.0,417.0,44900.0,43500.0,3.22%,88400.0,176800.0
445,445 (tie),Lebanon Valley College,"Private School, Religious",46100,89600,0.42,0.13,True,299.0,288.0,48630.0,47050.0,3.36%,95680.0,191360.0
22,23,Lehigh University,"Engineering, Party School, Private School, Research University, For Sports Fans",65400,133900,0.46,0.52,True,127.0,124.0,57145.0,55515.0,2.94%,112660.0,225320.0
973,973 (tie),Lenoir-Rhyne University,"Private School, Religious",45000,76300,0.55,0.08,True,488.0,519.0,43360.0,41074.0,5.57%,84434.0,168868.0
1166,1168,Lesley University,"Private School, Research University",42300,71200,0.51,0.02,True,268.0,259.0,49765.0,48515.0,2.58%,98280.0,196560.0
323,322 (tie),Lewis & Clark College,"Liberal Arts School, Private School",46800,94800,0.49,0.1,True,153.0,157.0,55666.0,53718.0,3.63%,109384.0,218768.0
526,526 (tie),Linfield College-McMinnville Campus,"Liberal Arts School, Private School, Religious",49000,87000,0.54,0.19,True,318.0,335.0,48182.0,45778.0,5.25%,93960.0,187920.0
82,82 (tie),Loyola Marymount University,"Private School, Religious, For Sports Fans",53800,114700,0.4,0.1,True,125.0,122.0,57379.0,55708.0,3.00%,113087.0,226174.0
403,403 (tie),Loyola University Chicago,"Private School, Religious, Research University, For Sports Fans",49600,91100,0.45,0.15,True,231.0,226.0,51273.0,49388.0,3.82%,100661.0,201322.0
87,87 (tie),Loyola University Maryland,"Private School, Religious, For Sports Fans",55100,114200,0.39,0.08,True,101.0,96.0,58578.0,56960.0,2.84%,115538.0,231076.0
588,589 (tie),Loyola University New Orleans,"Private School, Religious",44700,85100,0.51,0.04,True,219.0,238.0,51760.0,49028.0,5.57%,100788.0,201576.0
804,802 (tie),Luther College,"Liberal Arts School, Private School, Religious",46400,80100,0.54,0.23,True,305.0,300.0,48435.0,46605.0,3.93%,95040.0,190080.0
467,468 (tie),Lycoming College,"Liberal Arts School, Private School, Religious",44500,88900,0.46,0.2,True,362.0,367.0,46707.0,45027.0,3.73%,91734.0,183468.0
468,468 (tie),Lynchburg College,"Private School, Religious",46200,88900,0.59,0.11,True,431.0,457.0,44695.0,42585.0,4.95%,87280.0,174560.0
830,831 (tie),Lynn University,"Business, Private School",42300,79500,0.4,0.02,True,274.0,248.0,49535.0,48735.0,1.64%,98270.0,196540.0
58,59,MCPHS University,Private School,61700,119200,0.69,0.02,True,383.0,376.0,46179.0,44660.0,3.40%,90839.0,181678.0
255,255 (tie),Macalester College,"Liberal Arts School, Private School, Religious",49500,97700,0.47,0.33,True,121.0,129.0,57478.0,55393.0,3.76%,112871.0,225742.0
56,57 (tie),Manhattan College,"Private School, Religious, For Sports Fans",60700,119300,0.45,0.38,True,211.0,262.0,52005.0,48335.0,7.59%,100340.0,200680.0
283,284 (tie),Manhattanville College,Private School,50900,96600,0.45,0.04,True,208.0,182.0,52240.0,52060.0,0.35%,104300.0,208600.0
442,443 (tie),Marietta College,Private School,49000,89700,0.58,0.39,True,445.0,437.0,44362.0,43006.0,3.15%,87368.0,174736.0
303,303 (tie),Marist College,"Private School, For Sports Fans",51600,95500,0.31,0.16,True,309.0,299.0,48390.0,46610.0,3.82%,95000.0,190000.0
173,174 (tie),Marquette University,"Private School, Religious, Research University, For Sports Fans",54300,103100,0.54,0.24,True,296.0,290.0,48669.0,46897.0,3.78%,95566.0,191132.0
895,895 (tie),Maryland Institute College of Art,"Art, Private School",45300,78100,0.35,0.0,True,162.0,166.0,55100.0,53170.0,3.63%,108270.0,216540.0
936,938 (tie),Marymount California University,"Private School, Religious",48000,77300,0.31,0.0,True,329.0,330.0,47961.0,46012.0,4.24%,93973.0,187946.0
865,863 (tie),Marymount Manhattan College,"Art, Liberal Arts School, Private School",47800,78800,0.37,0.01,True,293.0,314.0,48740.0,46376.0,5.10%,95116.0,190232.0
1332,1333 (tie),Maryville College,"Liberal Arts School, Private School, Religious",42200,67000,0.7,0.16,True,441.0,412.0,44472.0,43638.0,1.91%,88110.0,176220.0
1361,1360 (tie),Marywood University,"Private School, Religious",41000,66000,0.48,0.04,True,370.0,379.0,46556.0,44600.0,4.39%,91156.0,182312.0
667,666 (tie),Massachusetts College of Art and Design,"Art, State School",46500,83400,0.4,0.0,False,430.0,432.0,44700.0,43100.0,3.71%,87800.0,175600.0
2,3,Massachusetts Institute of Technology,"Engineering, Private School, Research University",81500,147000,0.53,0.69,True,93.0,95.0,59020.0,57010.0,3.53%,116030.0,232060.0
299,299 (tie),McDaniel College,"Liberal Arts School, Private School",48700,95600,0.51,0.06,True,314.0,320.0,48300.0,46240.0,4.46%,94540.0,189080.0
88,89 (tie),Menlo College,"Business, Private School",55800,114100,0.53,0.0,True,179.0,178.0,53834.0,52388.0,2.76%,106222.0,212444.0
1026,1026 (tie),Mercer University,"Private School, Research University, For Sports Fans",46600,75100,0.64,0.12,True,316.0,289.0,48212.0,47033.0,2.51%,95245.0,190490.0
1125,1126 (tie),Mercyhurst University,"Private School, Religious",42200,72300,0.5,0.1,True,426.0,424.0,44838.0,43378.0,3.37%,88216.0,176432.0
218,217 (tie),Merrimack College,"Private School, Religious",51900,99500,0.48,0.11,True,270.0,268.0,49685.0,48060.0,3.38%,97745.0,195490.0
1059,1057 (tie),Methodist University,"Private School, Religious",43700,74200,0.57,0.12,True,343.0,333.0,47311.0,45909.0,3.05%,93220.0,186440.0
157,158 (tie),Miami University-Oxford,"Research University, For Sports Fans, State School",53500,104600,0.46,0.18,False,407.0,312.0,45491.0,46422.0,-2.01%,91913.0,183826.0
265,266 (tie),Michigan State University,"Research University, For Sports Fans, State School",51800,97200,0.48,0.19,False,405.0,403.0,45536.0,43986.0,3.52%,89522.0,179044.0
96,96 (tie),Middlebury College,"Liberal Arts School, Private School",56300,113200,0.52,0.18,True,86.0,41.0,59470.0,59200.0,0.46%,118670.0,237340.0
589,589 (tie),Mills College,"Private School, Sober School",47300,85100,0.54,0.06,True,135.0,132.0,56812.0,55090.0,3.13%,111902.0,223804.0
512,511 (tie),Millsaps College,"Liberal Arts School, Private School, Religious",47100,87400,0.55,0.28,True,364.0,381.0,46680.0,44590.0,4.69%,91270.0,182540.0
1156,1156 (tie),Milwaukee Institute of Art & Design,"Art, Private School",42100,71600,0.34,0.0,True,482.0,443.0,43499.0,42813.0,1.60%,86312.0,172624.0
146,146 (tie),Milwaukee School of Engineering,"Engineering, Private School",63400,106900,0.5,0.67,True,381.0,373.0,46220.0,44738.0,3.31%,90958.0,181916.0
831,831 (tie),Minneapolis College of Art and Design,"Art, Private School",43300,79500,0.36,0.0,True,478.0,478.0,43560.0,42144.0,3.36%,85704.0,171408.0
437,438 (tie),Molloy College,"Private School, Religious",57100,90000,0.61,0.04,True,471.0,526.0,43718.0,40996.0,6.64%,84714.0,169428.0
317,317 (tie),Monmouth University,"Private School, For Sports Fans",48400,95000,0.44,0.1,True,387.0,387.0,46152.0,44423.0,3.89%,90575.0,181150.0
964,964 (tie),Moore College of Art and Design,"Art, Private School",40200,76600,0.35,0.0,True,239.0,237.0,50838.0,49036.0,3.67%,99874.0,199748.0
530,531 (tie),Moravian College,"Liberal Arts School, Private School, Religious",49600,86800,0.44,0.16,True,285.0,276.0,49090.0,47502.0,3.34%,96592.0,193184.0
343,342 (tie),Morehouse College,"Liberal Arts School, Private School",52100,94000,0.57,0.29,True,341.0,349.0,47345.0,45451.0,4.17%,92796.0,185592.0
481,479 (tie),Mount Holyoke College,"Liberal Arts School, Private School",48800,88600,0.52,0.29,True,156.0,126.0,55496.0,55496.0,0.00%,110992.0,221984.0
1399,1399 (tie),Mount Ida College,Private School,41500,64300,0.54,0.02,True,422.0,456.0,44945.0,42609.0,5.48%,87554.0,175108.0
413,413 (tie),Mount St Mary's University,"Private School, Religious",46400,90700,0.47,0.09,True,290.0,297.0,48858.0,46672.0,4.68%,95530.0,191060.0
207,208 (tie),Muhlenberg College,"Liberal Arts School, Private School, Religious",50000,100400,0.43,0.22,True,158.0,155.0,55370.0,53880.0,2.77%,109250.0,218500.0
1085,1085 (tie),Nazareth College,Private School,41400,73500,0.54,0.06,True,450.0,480.0,44290.0,42118.0,5.16%,86408.0,172816.0
476,477 (tie),New England College,Private School,42900,88700,0.33,0.04,True,306.0,296.0,48430.0,46678.0,3.75%,95108.0,190216.0
54,54 (tie),New Jersey Institute of Technology,"Engineering, Research University, For Sports Fans, State School",60800,119700,0.52,0.71,False,440.0,415.0,44540.0,43590.0,2.18%,88130.0,176260.0
193,194 (tie),New York Institute of Technology,Private School,52500,101600,0.49,0.35,True,300.0,351.0,48552.0,45392.0,6.96%,93944.0,187888.0
594,592 (tie),New York School of Interior Design,"Art, Private School",47000,85000,,0.0,True,204.0,225.0,52540.0,49526.0,6.09%,102066.0,204132.0
70,70 (tie),New York University,"Private School, Research University",58700,117000,0.42,0.17,True,8.0,7.0,63540.0,61407.0,3.47%,124947.0,249894.0
1169,1169 (tie),Newbury College,Private School,41500,71100,0.45,0.03,True,439.0,435.0,44550.0,43070.0,3.44%,87620.0,175240.0
595,592 (tie),Nichols College,"Business, Private School",47300,85000,0.42,0.0,True,363.0,357.0,46690.0,45270.0,3.14%,91960.0,183920.0
404,403 (tie),North Central College,"Private School, Religious",47200,91100,0.46,0.08,True,428.0,447.0,44769.0,42783.0,4.64%,87552.0,175104.0
172,172 (tie),Northeastern University,"Private School, Research University, For Sports Fans",58300,103300,0.47,0.37,True,112.0,114.0,58096.0,56026.0,3.69%,114122.0,228244.0
94,95,Northwestern University,"Private School, Research University, For Sports Fans",59500,113300,0.48,0.19,True,12.0,11.0,63193.0,60840.0,3.87%,124033.0,248066.0
306,305 (tie),Norwich University,Private School,53500,95300,0.55,0.19,True,271.0,279.0,49655.0,47458.0,4.63%,97113.0,194226.0
284,284 (tie),Notre Dame de Namur University,"Private School, Religious",53500,96600,0.51,0.1,True,287.0,265.0,49038.0,48200.0,1.74%,97238.0,194476.0
724,723 (tie),Notre Dame of Maryland University,"Private School, Religious",48100,82100,0.6,0.03,True,404.0,406.0,45650.0,43950.0,3.87%,89600.0,179200.0
683,679 (tie),Nova Southeastern University,"Private School, Research University",48200,83100,0.6,0.09,True,476.0,499.0,43580.0,41680.0,4.56%,85260.0,170520.0
137,138,Oberlin College,"Liberal Arts School, Private School",49400,107600,0.49,0.23,True,19.0,27.0,62132.0,59683.0,4.10%,121815.0,243630.0
135,136 (tie),Occidental College,"Liberal Arts School, Private School",51800,107700,0.46,0.25,True,10.0,12.0,63363.0,60655.0,4.46%,124018.0,248036.0
513,511 (tie),Oglethorpe University,"Liberal Arts School, Private School",48800,87400,0.49,0.12,True,374.0,370.0,46430.0,44840.0,3.55%,91270.0,182540.0
300,299 (tie),Ohio Northern University,"Private School, Religious",51400,95600,0.51,0.2,True,235.0,224.0,50960.0,49618.0,2.70%,100578.0,201156.0
177,178 (tie),Ohio Wesleyan University,"Liberal Arts School, Private School, Religious",47800,102800,0.46,0.17,True,152.0,169.0,55690.0,52960.0,5.15%,108650.0,217300.0
1036,1037 (tie),Oklahoma City University,"Private School, Religious",45900,74700,0.58,0.08,True,446.0,464.0,44356.0,42330.0,4.79%,86686.0,173372.0
315,315 (tie),Otis College of Art and Design,"Art, Private School",49600,95100,0.38,0.0,True,157.0,147.0,55430.0,54300.0,2.08%,109730.0,219460.0
763,764 (tie),Otterbein University,"Private School, Religious",46300,81000,0.46,0.06,True,452.0,440.0,44276.0,42948.0,3.09%,87224.0,174448.0
149,150,Pace University-New York,"Private School, Research University",55400,106200,0.4,0.11,True,130.0,146.0,56999.0,54318.0,4.94%,111317.0,222634.0
318,317 (tie),Pacific Lutheran University,"Private School, Religious",50000,95000,0.56,0.17,True,313.0,323.0,48308.0,46118.0,4.75%,94426.0,188852.0
406,407 (tie),Pacific University,Private School,48600,90900,0.68,0.08,True,248.0,269.0,50486.0,47922.0,5.35%,98408.0,196816.0
215,216,Pennsylvania State University-Main Campus,"Research University, For Sports Fans, State School",55200,99600,0.47,0.35,False,385.0,400.0,46166.0,44156.0,4.55%,90322.0,180644.0
162,162 (tie),Pepperdine University,"Private School, Religious, Research University, For Sports Fans",53100,104000,0.45,0.08,True,44.0,54.0,61192.0,58772.0,4.12%,119964.0,239928.0
472,470 (tie),Philadelphia University,Private School,46100,88800,0.34,0.04,True,276.0,283.0,49426.0,47316.0,4.46%,96742.0,193484.0
405,403 (tie),Pitzer College,"Liberal Arts School, Private School",49000,91100,0.57,0.13,True,38.0,39.0,61416.0,59266.0,3.63%,120682.0,241364.0
490,491 (tie),Point Loma Nazarene University,"Private School, Religious",48300,88200,0.59,0.09,True,436.0,421.0,44593.0,43446.0,2.64%,88039.0,176078.0
89,89 (tie),Pomona College,"Liberal Arts School, Private School",57500,114100,0.46,0.43,True,79.0,94.0,59730.0,57014.0,4.76%,116744.0,233488.0
179,180 (tie),Pratt Institute-Main,"Art, Private School",49900,102700,0.45,0.0,True,98.0,108.0,58734.0,56398.0,4.14%,115132.0,230264.0
273,272 (tie),Presbyterian College,"Liberal Arts School, Private School, Religious, For Sports Fans",46000,97000,0.62,0.16,True,376.0,363.0,46378.0,45130.0,2.77%,91508.0,183016.0
1,2,Princeton University,"Ivy League, Private School, Research University, For Sports Fans",69800,147800,0.44,0.47,True,150.0,141.0,55832.0,54780.0,1.92%,110612.0,221224.0
134,135,Providence College,"Private School, Religious, For Sports Fans",54700,107900,0.4,0.1,True,119.0,107.0,57625.0,56402.0,2.17%,114027.0,228054.0
780,777 (tie),Queens University of Charlotte,"Private School, Religious",46200,80600,0.45,0.05,True,457.0,518.0,44124.0,41168.0,7.18%,85292.0,170584.0
336,337 (tie),Quinnipiac University,"Private School, For Sports Fans",52400,94300,0.44,0.12,True,151.0,152.0,55780.0,54000.0,3.30%,109780.0,219560.0
656,654 (tie),Randolph College,"Liberal Arts School, Private School, Religious",43500,83800,0.48,0.18,True,388.0,391.0,46060.0,44330.0,3.90%,90390.0,180780.0
165,165 (tie),Reed College,"Liberal Arts School, Private School",51100,103900,0.51,0.26,True,81.0,76.0,59630.0,57770.0,3.22%,117400.0,234800.0
828,827 (tie),Regis College,"Private School, Religious",49800,79600,0.54,0.02,True,246.0,242.0,50630.0,48925.0,3.48%,99555.0,199110.0
567,566 (tie),Regis University,"Private School, Religious",53800,85700,0.58,0.15,True,377.0,321.0,46326.0,46197.0,0.28%,92523.0,185046.0
31,31 (tie),Rensselaer Polytechnic Institute,"Engineering, Private School, Research University",67500,129500,0.48,0.76,True,27.0,32.0,61820.0,59470.0,3.95%,121290.0,242580.0
289,289 (tie),Rhode Island School of Design,"Art, Private School",50500,96300,0.4,0.0,True,49.0,25.0,61054.0,59718.0,2.24%,120772.0,241544.0
269,269 (tie),Rhodes College,"Liberal Arts School, Private School, Religious",47900,97100,0.46,0.3,True,191.0,189.0,53422.0,51340.0,4.06%,104762.0,209524.0
28,29,Rice University,"Private School, Research University, For Sports Fans",65700,130200,0.48,0.5,True,171.0,180.0,54291.0,52242.0,3.92%,106533.0,213066.0
319,317 (tie),Rider University,"Private School, For Sports Fans",48700,95000,0.44,0.04,True,221.0,231.0,51670.0,49260.0,4.89%,100930.0,201860.0
899,895 (tie),Ringling College of Art and Design,"Art, Private School",45000,78100,0.4,0.0,True,155.0,117.0,55557.0,55790.0,-0.42%,111347.0,222694.0
791,791 (tie),Rivier University,"Private School, Religious",47500,80300,0.57,0.33,True,495.0,563.0,43227.0,40351.0,7.13%,83578.0,167156.0
734,733 (tie),Roanoke College,"Liberal Arts School, Private School, Religious",45200,81800,0.52,0.17,True,226.0,227.0,51371.0,49363.0,4.07%,100734.0,201468.0
234,233 (tie),Rochester Institute of Technology,"Private School, Research University",58400,98700,0.44,0.47,True,335.0,327.0,47627.0,46083.0,3.35%,93710.0,187420.0
454,454 (tie),Rockhurst University,"Private School, Religious",51500,89400,0.58,0.11,True,417.0,441.0,45235.0,42933.0,5.36%,88168.0,176336.0
629,627 (tie),Roger Williams University,Private School,50000,84400,0.48,0.12,True,277.0,233.0,49394.0,49136.0,0.53%,98530.0,197060.0
675,675 (tie),Rollins College,Private School,45700,83200,0.5,0.11,True,88.0,73.0,59438.0,57820.0,2.80%,117258.0,234516.0
660,659 (tie),Roosevelt University,Private School,45000,83700,0.47,0.1,True,433.0,411.0,44632.0,43650.0,2.25%,88282.0,176564.0
39,40,Rose-Hulman Institute of Technology,"Engineering, Private School",71600,125900,0.51,0.98,True,128.0,128.0,57138.0,55413.0,3.11%,112551.0,225102.0
765,764 (tie),Rosemont College,"Private School, Religious",44500,81000,0.51,0.06,True,379.0,355.0,46305.0,45325.0,2.16%,91630.0,183260.0
132,133 (tie),Rutgers University-New Brunswick,"Research University, For Sports Fans, State School",55800,108100,0.42,0.28,False,483.0,481.0,43492.0,42118.0,3.26%,85610.0,171220.0
296,297 (tie),Rutgers University-Newark,"Research University, State School",54300,95700,0.43,0.09,False,469.0,460.0,43792.0,42508.0,3.02%,86300.0,172600.0
388,389 (tie),Sacred Heart University,"Private School, Religious, For Sports Fans",52400,91700,0.46,0.16,True,185.0,179.0,53569.0,52260.0,2.50%,105829.0,211658.0
208,208 (tie),Saint Anselm College,"Liberal Arts School, Private School, Religious",52500,100400,0.6,0.16,True,250.0,250.0,50394.0,48655.0,3.57%,99049.0,198098.0
568,566 (tie),Saint Edward's University,"Private School, Religious",45600,85700,0.5,0.08,True,339.0,392.0,47500.0,44300.0,7.22%,91800.0,183600.0
630,627 (tie),Saint Francis University,"Private School, Religious, For Sports Fans",44800,84400,0.54,0.09,True,420.0,430.0,45038.0,43178.0,4.31%,88216.0,176432.0
108,109,Saint Johns University,"Liberal Arts School, Private School, Religious",54700,110800,0.46,0.23,True,301.0,311.0,48546.0,46426.0,4.57%,94972.0,189944.0
905,902 (tie),Saint Joseph's College of Maine,"Private School, Religious",45500,78000,0.57,0.02,True,401.0,398.0,45790.0,44230.0,3.53%,90020.0,180040.0
156,157,Saint Joseph's University,"Private School, Religious, For Sports Fans",53300,104800,0.41,0.04,True,167.0,167.0,54772.0,53130.0,3.09%,107902.0,215804.0
420,416 (tie),Saint Louis University,"Private School, Religious, Research University, For Sports Fans",51000,90600,0.58,0.12,True,190.0,163.0,53438.0,53438.0,0.00%,106876.0,213752.0
621,620 (tie),Saint Martin's University,"Private School, Religious",49300,84500,0.56,0.22,True,459.0,483.0,44038.0,42100.0,4.60%,86138.0,172276.0
716,716 (tie),Saint Mary's College,"Liberal Arts School, Private School, Religious",47100,82300,0.52,0.16,True,334.0,332.0,47660.0,45920.0,3.79%,93580.0,187160.0
77,78,Saint Mary's College of California,"Private School, Religious, For Sports Fans",56000,115800,0.49,0.05,True,108.0,106.0,58365.0,56536.0,3.24%,114901.0,229802.0
178,178 (tie),Saint Michael's College,"Liberal Arts School, Private School, Religious",50400,102800,0.43,0.18,True,237.0,240.0,50920.0,48960.0,4.00%,99880.0,199760.0
276,277 (tie),Saint Peter's University,"Private School, Religious, For Sports Fans",50700,96800,0.35,0.12,True,331.0,316.0,47842.0,46340.0,3.24%,94182.0,188364.0
590,589 (tie),Salve Regina University,"Private School, Religious",49900,85100,0.54,0.06,True,263.0,253.0,49950.0,48600.0,2.78%,98550.0,197100.0
748,747 (tie),San Francisco Art Institute,"Art, Private School",46800,81500,,0.0,True,114.0,121.0,57932.0,55714.0,3.98%,113646.0,227292.0
20,21,Santa Clara University,"Private School, Religious, For Sports Fans",63800,134500,0.44,0.3,True,83.0,82.0,59589.0,57681.0,3.31%,117270.0,234540.0
326,327,Sarah Lawrence College,"Liberal Arts School, Private School",47600,94700,0.37,0.0,True,6.0,4.0,64122.0,43180.0,48.50%,107302.0,214604.0
1052,1051 (tie),Savannah College of Art and Design,"Art, Private School",43600,74300,0.34,0.02,True,229.0,222.0,51279.0,49718.0,3.14%,100997.0,201994.0
911,908 (tie),School of the Art Institute of Chicago,"Art, Private School",44700,77900,0.42,0.0,True,106.0,105.0,58495.0,56560.0,3.42%,115055.0,230110.0
281,280 (tie),Scripps College,"Liberal Arts School, Private School",51000,96700,0.49,0.24,True,40.0,50.0,61370.0,58888.0,4.21%,120258.0,240516.0
247,248 (tie),Seattle Pacific University,"Private School, Religious, Research University",49000,98200,0.53,0.1,True,333.0,350.0,47674.0,45447.0,4.90%,93121.0,186242.0
256,255 (tie),Seattle University,"Private School, Religious, For Sports Fans",55000,97700,0.48,0.12,True,201.0,205.0,52605.0,50610.0,3.94%,103215.0,206430.0
277,277 (tie),Seton Hall University,"Private School, Religious, Research University, For Sports Fans",53900,96800,0.46,0.08,True,253.0,256.0,50318.0,48526.0,3.69%,98844.0,197688.0
1209,1210 (tie),Seton Hill University,"Private School, Religious",40900,70100,0.64,0.11,True,463.0,489.0,43900.0,42010.0,4.50%,85910.0,171820.0
482,479 (tie),Sewanee-The University of the South,"Liberal Arts School, Private School, Religious",46000,88600,0.47,0.14,True,328.0,304.0,47970.0,46530.0,3.09%,94500.0,189000.0
859,857 (tie),Shenandoah University,"Private School, Religious, Research University",46100,78900,0.57,0.06,True,474.0,479.0,43598.0,42140.0,3.46%,85738.0,171476.0
238,238 (tie),Siena College,"Liberal Arts School, Private School, Religious, For Sports Fans",50200,98600,0.47,0.16,True,345.0,348.0,47265.0,45452.0,3.99%,92717.0,185434.0
449,448 (tie),Simmons College,"Private School, Sober School",51300,89500,0.55,0.03,True,200.0,191.0,52610.0,51320.0,2.51%,103930.0,207860.0
740,741 (tie),Simpson College,"Liberal Arts School, Private School, Religious",46500,81700,0.49,0.17,True,489.0,553.0,43350.0,40492.0,7.06%,83842.0,167684.0
263,264 (tie),Skidmore College,"Liberal Arts School, Private School",51200,97300,0.4,0.21,True,53.0,59.0,60900.0,58562.0,3.99%,119462.0,238924.0
241,242 (tie),Smith College,"Liberal Arts School, Private School",48800,98400,0.53,0.23,True,65.0,71.0,60167.0,57913.0,3.89%,118080.0,236160.0
334,331 (tie),Southern California Institute of Architecture,Private School,50200,94400,0.66,0.0,True,224.0,331.0,51420.0,45936.0,11.94%,97356.0,194712.0
127,128,Southern Methodist University,"Private School, Religious, Research University, For Sports Fans",55000,108500,0.47,0.2,True,41.0,56.0,61355.0,58689.0,4.54%,120044.0,240088.0
487,486 (tie),Southwestern University,"Liberal Arts School, Private School, Religious",50300,88500,0.52,0.19,True,323.0,292.0,48080.0,46810.0,2.71%,94890.0,189780.0
353,353 (tie),Spring Hill College,"Liberal Arts School, Private School, Religious",43000,93300,0.46,0.12,True,384.0,374.0,46170.0,44696.0,3.30%,90866.0,181732.0
1339,1340 (tie),Springfield College,Private School,42300,66800,0.72,0.04,True,373.0,358.0,46480.0,45220.0,2.79%,91700.0,183400.0
949,950 (tie),St Catherine University,"Private School, Religious",47500,77000,0.68,0.02,True,355.0,361.0,47012.0,45164.0,4.09%,92176.0,184352.0
491,491 (tie),St Francis College,"Private School, For Sports Fans",49300,88200,0.54,0.16,True,496.0,897.0,43200.0,34550.0,25.04%,77750.0,155500.0
130,130 (tie),St John's University-New York,"Private School, Religious, Research University, For Sports Fans",51800,108200,0.45,0.07,True,131.0,125.0,56971.0,55506.0,2.64%,112477.0,224954.0
242,242 (tie),St Lawrence University,"Liberal Arts School, Private School",52000,98400,0.46,0.24,True,85.0,84.0,59550.0,57485.0,3.59%,117035.0,234070.0
399,398 (tie),St Mary's College of Maryland,"Liberal Arts School, State School",50600,91300,0.36,0.28,False,487.0,463.0,43399.0,42378.0,2.41%,85777.0,171554.0
235,233 (tie),St Olaf College,"Liberal Arts School, Private School, Religious",49000,98700,0.52,0.32,True,216.0,208.0,51860.0,50550.0,2.59%,102410.0,204820.0
9,10,Stanford University,"Private School, Research University, For Sports Fans",73300,140400,0.56,0.49,True,56.0,51.0,60749.0,58846.0,3.23%,119595.0,239190.0
676,675 (tie),Stetson University,"Private School, For Sports Fans",44100,83200,0.45,0.07,True,180.0,197.0,53712.0,50972.0,5.38%,104684.0,209368.0
16,17,Stevens Institute of Technology,"Engineering, Private School, Research University",70800,136900,0.5,0.8,True,59.0,40.0,60554.0,59260.0,2.18%,119814.0,239628.0
430,427 (tie),Stevenson University,Private School,47800,90300,0.51,0.19,True,479.0,544.0,43556.0,40599.0,7.28%,84155.0,168310.0
195,196 (tie),Stonehill College,"Liberal Arts School, Private School, Religious",51800,101400,0.37,0.17,True,207.0,200.0,52370.0,50885.0,2.92%,103255.0,206510.0
374,374 (tie),Suffolk University,"Private School, Research University",49000,92400,0.37,0.06,True,261.0,239.0,49979.0,48965.0,2.07%,98944.0,197888.0
311,309 (tie),Susquehanna University,"Liberal Arts School, Private School, Religious",47300,95200,0.39,0.16,True,225.0,230.0,51400.0,49300.0,4.26%,100700.0,201400.0
38,39,Swarthmore College,"Liberal Arts School, Private School",60000,126200,0.44,0.34,True,58.0,60.0,60671.0,58481.0,3.74%,119152.0,238304.0
1001,1000 (tie),Sweet Briar College,"Liberal Arts School, Private School",43900,75700,0.51,0.28,True,284.0,282.0,49105.0,47333.0,3.74%,96438.0,192876.0
176,177,Syracuse University,"Party School, Private School, Research University, For Sports Fans",53900,102900,0.43,0.27,True,123.0,123.0,57450.0,55600.0,3.33%,113050.0,226100.0
337,337 (tie),Texas Christian University,"Private School, Religious, Research University, For Sports Fans",52900,94300,0.52,0.08,True,244.0,261.0,50720.0,48360.0,4.88%,99080.0,198160.0
1246,1247 (tie),The College of New Rochelle,Private School,42700,68900,0.66,0.01,True,338.0,324.0,47550.0,46110.0,3.12%,93660.0,187320.0
508,506 (tie),The College of Wooster,"Liberal Arts School, Private School",45800,87500,0.52,0.28,True,187.0,192.0,53500.0,51300.0,4.29%,104800.0,209600.0
360,359 (tie),The Juilliard School,"Art, Private School",50700,93100,,0.0,True,177.0,187.0,53920.0,51756.0,4.18%,105676.0,211352.0
166,165 (tie),The New School,"Art, Private School, Research University",50000,103900,0.35,0.0,True,80.0,68.0,59691.0,58114.0,2.71%,117805.0,235610.0
451,448 (tie),The University of Tennessee-Knoxville,"Research University, For Sports Fans, State School",48000,89500,0.52,0.2,False,395.0,428.0,45940.0,43236.0,6.25%,89176.0,178352.0
141,140 (tie),The University of Texas at Austin,"Research University, For Sports Fans, State School",56900,107400,0.49,0.26,False,256.0,249.0,50200.0,48730.0,3.02%,98930.0,197860.0
923,923 (tie),The University of the Arts,"Art, Private School",44100,77700,0.4,0.0,True,159.0,162.0,55327.0,53508.0,3.40%,108835.0,217670.0
609,604 (tie),Transylvania University,"Liberal Arts School, Private School, Religious",46000,84800,0.54,0.22,True,472.0,497.0,43640.0,41720.0,4.60%,85360.0,170720.0
690,687 (tie),Trine University,Private School,51600,83000,0.52,0.36,True,416.0,407.0,45250.0,43890.0,3.10%,89140.0,178280.0
124,124 (tie),Trinity College,"Liberal Arts School, Private School",55600,108700,0.49,0.18,True,16.0,22.0,62310.0,59865.0,4.08%,122175.0,244350.0
194,194 (tie),Trinity University,"Private School, Religious",51100,101600,0.51,0.22,True,298.0,318.0,48630.0,46274.0,5.09%,94904.0,189808.0
52,53,Tufts University,"Private School, Research University",60400,120200,0.51,0.24,True,51.0,52.0,61000.0,58800.0,3.74%,119800.0,239600.0
125,124 (tie),Tulane University of Louisiana,"Party School, Private School, Research University, For Sports Fans",52300,108700,0.43,0.18,True,45.0,47.0,61178.0,59000.0,3.69%,120178.0,240356.0
1163,1164 (tie),Union University,"Private School, Religious, Research University",44300,71300,0.61,0.05,True,454.0,503.0,44220.0,41510.0,6.53%,85730.0,171460.0
631,627 (tie),University of Bridgeport,Private School,46800,84400,0.6,0.27,True,259.0,255.0,50043.0,48538.0,3.10%,98581.0,197162.0
29,30,University of California-Berkeley,"Research University, For Sports Fans, State School",65400,130100,0.49,0.34,False,142.0,119.0,56197.0,55766.0,0.77%,111963.0,223926.0
107,108,University of California-Davis,"Research University, For Sports Fans, State School",56700,110900,0.53,0.37,False,147.0,134.0,55944.0,55046.0,1.63%,110990.0,221980.0
59,60 (tie),University of California-Irvine,"Research University, For Sports Fans, State School",54900,118800,0.48,0.32,False,192.0,171.0,53382.0,52906.0,0.90%,106288.0,212576.0
80,81,University of California-Los Angeles,"Research University, For Sports Fans, State School",57500,114800,0.47,0.31,False,160.0,140.0,55294.0,54810.0,0.88%,110104.0,220208.0
139,140 (tie),University of California-Riverside,"Research University, For Sports Fans, State School",51600,107400,0.44,0.33,False,161.0,144.0,55116.0,54475.0,1.18%,109591.0,219182.0
41,42,University of California-San Diego,"Engineering, Research University, State School",58600,124900,0.53,0.54,False,193.0,170.0,53348.0,52906.0,0.84%,106254.0,212508.0
60,60 (tie),University of California-Santa Barbara,"Party School, Research University, For Sports Fans, State School",54900,118800,0.47,0.28,False,133.0,136.0,56929.0,54945.0,3.61%,111874.0,223748.0
167,168,University of California-Santa Cruz,"Research University, State School",53500,103800,0.45,0.37,False,145.0,111.0,56031.0,56173.0,-0.25%,112204.0,224408.0
71,70 (tie),University of Chicago,"Private School, Research University",58100,117000,0.44,0.2,True,3.0,5.0,64988.0,53438.0,21.61%,118426.0,236852.0
116,117 (tie),University of Colorado Boulder,"Party School, Research University, For Sports Fans, State School",53400,109600,0.48,0.36,False,245.0,221.0,50655.0,49750.0,1.82%,100405.0,200810.0
224,223 (tie),University of Connecticut,"Research University, For Sports Fans, State School",55400,99200,0.48,0.24,False,382.0,405.0,46192.0,43954.0,5.09%,90146.0,180292.0
354,353 (tie),University of Dallas,"Business, Private School, Religious",49100,93300,0.51,0.12,True,295.0,329.0,48710.0,46060.0,5.75%,94770.0,189540.0
183,182 (tie),University of Dayton,"Private School, Religious, Research University, For Sports Fans",53700,102600,0.44,0.3,True,273.0,319.0,49540.0,46250.0,7.11%,95790.0,191580.0
180,180 (tie),University of Delaware,"Party School, Research University, For Sports Fans, State School",54300,102700,0.43,0.22,False,486.0,492.0,43432.0,41830.0,3.83%,85262.0,170524.0
270,269 (tie),University of Denver,"Private School, Research University, For Sports Fans",51700,97100,0.5,0.12,True,144.0,150.0,56077.0,54285.0,3.30%,110362.0,220724.0
730,732,University of Detroit Mercy,"Private School, Religious, For Sports Fans",50900,81900,0.58,0.19,True,206.0,209.0,52400.0,50492.0,3.78%,102892.0,205784.0
558,557 (tie),University of Evansville,"Private School, Religious, For Sports Fans",48000,86000,0.59,0.15,True,444.0,410.0,44370.0,43700.0,1.53%,88070.0,176140.0
266,266 (tie),University of Hartford,"Private School, Research University, For Sports Fans",51000,97200,0.52,0.18,True,320.0,291.0,48170.0,46840.0,2.84%,95010.0,190020.0
117,117 (tie),University of Illinois at Urbana-Champaign,"Party School, Research University, For Sports Fans, State School",58600,109600,0.46,0.37,False,484.0,452.0,43468.0,42706.0,1.78%,86174.0,172348.0
670,666 (tie),University of La Verne,"Private School, Research University",47200,83400,0.56,0.04,True,213.0,219.0,51997.0,49943.0,4.11%,101940.0,203880.0
375,374 (tie),University of Miami,"Private School, Research University, For Sports Fans",52700,92400,0.49,0.22,True,52.0,53.0,60906.0,58782.0,3.61%,119688.0,239376.0
158,158 (tie),University of Michigan-Ann Arbor,"Research University, For Sports Fans, State School",59300,104600,0.46,0.38,False,188.0,183.0,53490.0,51976.0,2.91%,105466.0,210932.0
651,649 (tie),University of New England,Private School,48000,83900,0.73,0.09,True,254.0,258.0,50295.0,48520.0,3.66%,98815.0,197630.0
624,620 (tie),University of New Haven,Private School,49200,84500,0.56,0.23,True,255.0,243.0,50210.0,48910.0,2.66%,99120.0,198240.0
294,295,University of North Carolina at Chapel Hill,"Research University, For Sports Fans, State School",51200,96000,0.51,0.18,False,399.0,408.0,45806.0,43847.0,4.47%,89653.0,179306.0
34,35,University of Notre Dame,"Private School, Religious, Research University, For Sports Fans",62500,127900,0.46,0.26,True,68.0,75.0,60117.0,57805.0,4.00%,117922.0,235844.0
345,345 (tie),University of Oregon,"Research University, For Sports Fans, State School",47600,93900,0.46,0.13,False,443.0,451.0,44377.0,42720.0,3.88%,87097.0,174194.0
19,20,University of Pennsylvania,"Ivy League, Private School, Research University, For Sports Fans",68100,134800,0.43,0.22,True,29.0,29.0,61800.0,59600.0,3.69%,121400.0,242800.0
185,186,University of Portland,"Private School, Religious, For Sports Fans",55100,102100,0.5,0.24,True,175.0,172.0,53958.0,52842.0,2.11%,106800.0,213600.0
213,213 (tie),University of Puget Sound,"Liberal Arts School, Private School",50500,99800,0.47,0.21,True,146.0,153.0,55948.0,53940.0,3.72%,109888.0,219776.0
219,220 (tie),University of Redlands,"Business, Private School",50200,99400,0.56,0.05,True,104.0,112.0,58559.0,56050.0,4.48%,114609.0,229218.0
148,148 (tie),University of Richmond,"Liberal Arts School, Private School, For Sports Fans",55400,106600,0.44,0.14,True,118.0,115.0,57630.0,56010.0,2.89%,113640.0,227280.0
140,140 (tie),University of Rochester,"Private School, Research University",57500,107400,0.55,0.32,True,42.0,42.0,61340.0,59156.0,3.69%,120496.0,240992.0
742,744 (tie),University of Saint Joseph,"Private School, Religious",47300,81600,0.64,0.08,True,264.0,306.0,49923.0,46500.0,7.36%,96423.0,192846.0
133,133 (tie),University of San Diego,"Private School, Religious, Research University, For Sports Fans",54400,108100,0.48,0.12,True,111.0,100.0,58189.0,56713.0,2.60%,114902.0,229804.0
118,117 (tie),University of San Francisco,"Private School, Religious, Research University, For Sports Fans",56800,109600,0.55,0.06,True,107.0,102.0,58384.0,56624.0,3.11%,115008.0,230016.0
196,196 (tie),University of Scranton,"Private School, Religious",52000,101400,0.43,0.13,True,164.0,161.0,55008.0,53540.0,2.74%,108548.0,217096.0
57,57 (tie),University of Southern California,"Private School, Research University, For Sports Fans",59400,119300,0.47,0.24,True,17.0,21.0,62180.0,59883.0,3.84%,122063.0,244126.0
214,215,University of Tulsa,"Private School, Religious, Research University, For Sports Fans",55800,99700,0.51,0.35,True,234.0,244.0,51035.0,48803.0,4.57%,99838.0,199676.0
278,277 (tie),University of Vermont,"Party School, Research University, For Sports Fans, State School",49500,96800,0.52,0.21,False,266.0,245.0,49814.0,48791.0,2.10%,98605.0,197210.0
61,62 (tie),University of Virginia-Main Campus,"Research University, For Sports Fans, State School",59500,118400,0.48,0.21,False,189.0,190.0,53461.0,51337.0,4.14%,104798.0,209596.0
197,198,University of Washington-Bothell Campus,State School,56600,101200,0.48,0.23,False,347.0,393.0,47232.0,44259.0,6.72%,91491.0,182982.0
122,122 (tie),University of Washington-Seattle Campus,"Research University, For Sports Fans, State School",57300,108800,0.53,0.32,False,369.0,414.0,46608.0,43621.0,6.85%,90229.0,180458.0
584,581 (tie),University of Washington-Tacoma Campus,State School,52900,85300,0.52,0.19,False,348.0,397.0,47223.0,44250.0,6.72%,91473.0,182946.0
115,116,University of the Pacific,"Private School, Research University, For Sports Fans",55500,109700,0.56,0.18,True,129.0,131.0,57033.0,55191.0,3.34%,112224.0,224448.0
68,69,University of the Sciences,Private School,54000,117200,0.71,0.09,True,197.0,199.0,52766.0,50906.0,3.65%,103672.0,207344.0
220,220 (tie),Ursinus College,"Liberal Arts School, Private School",50200,99400,0.34,0.43,True,94.0,87.0,58880.0,57270.0,2.81%,116150.0,232300.0
914,908 (tie),Utica College,Private School,45100,77900,0.59,0.03,True,297.0,274.0,48650.0,47528.0,2.36%,96178.0,192356.0
394,394 (tie),Valparaiso University,"Private School, Religious, For Sports Fans",50700,91500,0.54,0.28,True,398.0,396.0,45860.0,44254.0,3.63%,90114.0,180228.0
75,76,Vanderbilt University,"Private School, Research University, For Sports Fans",61100,116000,0.48,0.22,True,46.0,20.0,61112.0,59890.0,2.04%,121002.0,242004.0
228,229 (tie),Vassar College,"Liberal Arts School, Private School",52100,98900,0.51,0.27,True,43.0,35.0,61320.0,59320.0,3.37%,120640.0,241280.0
475,470 (tie),Vaughn College of Aeronautics and Technology,Private School,50700,88800,,0.06,True,470.0,698.0,43726.0,37729.0,15.89%,81455.0,162910.0
83,82 (tie),Villanova University,"Private School, Religious, Research University, For Sports Fans",61400,114700,0.42,0.23,True,97.0,104.0,58736.0,56583.0,3.81%,115319.0,230638.0
713,712 (tie),Virginia Commonwealth University,"Research University, For Sports Fans, State School",47000,82400,0.53,0.17,False,402.0,595.0,45768.0,39628.0,15.49%,85396.0,170792.0
44,45,Virginia Military Institute,"Liberal Arts School, For Sports Fans, State School",62200,124600,0.66,0.43,False,366.0,375.0,46630.0,44694.0,4.33%,91324.0,182648.0
1305,1303 (tie),Virginia Wesleyan College,"Liberal Arts School, Private School, Religious",42900,67800,0.48,0.14,True,455.0,462.0,44190.0,42386.0,4.26%,86576.0,173152.0
45,46,Wabash College,"Liberal Arts School, Private School",58900,124400,0.46,0.27,True,365.0,372.0,46660.0,44750.0,4.27%,91410.0,182820.0
174,174 (tie),Wagner College,"Private School, Religious, For Sports Fans",53900,103100,0.5,0.11,True,176.0,188.0,53924.0,51619.0,4.47%,105543.0,211086.0
62,62 (tie),Wake Forest University,"Party School, Private School, Research University, For Sports Fans",56000,118400,0.48,0.14,True,63.0,63.0,60242.0,58260.0,3.40%,118502.0,237004.0
840,836 (tie),Wartburg College,"Liberal Arts School, Private School, Religious",46100,79400,0.48,0.3,True,415.0,420.0,45305.0,43455.0,4.26%,88760.0,177520.0
522,520 (tie),Washington & Jefferson College,"Liberal Arts School, Private School",45800,87200,0.38,0.21,True,220.0,217.0,51690.0,49970.0,3.44%,101660.0,203320.0
615,612 (tie),Washington College,"Liberal Arts School, Private School",49900,84700,0.55,0.21,True,170.0,175.0,54312.0,52518.0,3.42%,106830.0,213660.0
93,93 (tie),Washington University in St Louis,"Private School, Research University",60100,113400,0.44,0.31,True,28.0,16.0,61808.0,60345.0,2.42%,122153.0,244306.0
26,27,Washington and Lee University,"Liberal Arts School, Private School",59700,131700,0.38,0.21,True,102.0,103.0,58575.0,56616.0,3.46%,115191.0,230382.0
13,14,Webb Institute,"Engineering, Private School",70800,138200,,1.0,True,26.0,1959.0,61820.0,18520.0,233.80%,80340.0,160680.0
200,201,Wellesley College,"Liberal Arts School, Private School",53800,100900,0.48,0.29,True,92.0,90.0,59092.0,57164.0,3.37%,116256.0,232512.0
1314,1316,Wells College,"Liberal Arts School, Private School",43400,67600,0.55,0.25,True,267.0,264.0,49800.0,48200.0,3.32%,98000.0,196000.0
120,121,Wentworth Institute of Technology,Private School,59200,108900,0.52,0.35,True,361.0,394.0,46750.0,44258.0,5.63%,91008.0,182016.0
66,67,Wesleyan University,"Liberal Arts School, Private School",55900,117700,0.59,0.22,True,13.0,9.0,62849.0,61167.0,2.75%,124016.0,248032.0
357,356 (tie),Western New England University,Private School,53400,93200,0.49,0.2,True,289.0,284.0,48890.0,47246.0,3.48%,96136.0,192272.0
102,103,Westmont College,"Liberal Arts School, Private School",50700,111500,0.54,0.18,True,182.0,186.0,53670.0,51760.0,3.69%,105430.0,210860.0
1489,1490 (tie),Wheelock College,Private School,37000,55800,0.77,0.03,True,330.0,303.0,47870.0,46545.0,2.85%,94415.0,188830.0
136,136 (tie),Whitman College,"Liberal Arts School, Private School",50000,107700,0.48,0.38,True,137.0,139.0,56600.0,54865.0,3.16%,111465.0,222930.0
347,348,Whittier College,"Liberal Arts School, Private School",47000,93700,0.53,0.08,True,181.0,165.0,53700.0,53318.0,0.72%,107018.0,214036.0
616,612 (tie),Whitworth University,"Private School, Religious",46800,84700,0.5,0.2,True,325.0,328.0,48055.0,46066.0,4.32%,94121.0,188242.0
504,503 (tie),Wilkes University,Private School,48200,87600,0.51,0.13,True,359.0,353.0,46786.0,45360.0,3.14%,92146.0,184292.0
229,229 (tie),Willamette University,"Liberal Arts School, Private School",47700,98900,0.47,0.12,True,166.0,174.0,54813.0,52796.0,3.82%,107609.0,215218.0
493,491 (tie),William Jewell College,"Liberal Arts School, Private School",48200,88200,0.6,0.12,True,465.0,445.0,43820.0,42790.0,2.41%,86610.0,173220.0
11,12,Williams College,"Liberal Arts School, Private School",62000,138400,0.44,0.33,True,25.0,33.0,61850.0,59412.0,4.10%,121262.0,242524.0
126,124 (tie),Wittenberg University,"Liberal Arts School, Private School, Religious",48400,108700,0.61,0.27,True,243.0,193.0,50766.0,51266.0,-0.98%,102032.0,204064.0
260,259 (tie),Wofford College,"Liberal Arts School, Private School, Religious, For Sports Fans",47200,97600,0.5,0.26,True,275.0,266.0,49449.0,48129.0,2.74%,97578.0,195156.0
564,565,Woodbury University,Private School,46400,85800,0.45,0.0,True,304.0,295.0,48512.0,46693.0,3.90%,95205.0,190410.0
32,33,Worcester Polytechnic Institute,"Engineering, Private School, Research University",69200,129400,0.46,0.87,True,113.0,110.0,58060.0,56230.0,3.25%,114290.0,228580.0
452,448 (tie),Xavier University,"Private School, Religious, For Sports Fans",48600,89500,0.49,0.06,True,372.0,365.0,46520.0,45080.0,3.19%,91600.0,183200.0
24,25,Yale University,"Ivy League, Private School, Research University, For Sports Fans",66800,132100,0.53,0.23,True,31.0,36.0,61620.0,59320.0,3.88%,120940.0,241880.0
51,52,Yeshiva University,"Private School, Research University",58900,122300,0.45,0.13,True,163.0,156.0,55075.0,53825.0,2.32%,108900.0,217800.0
